{
    "ph_pageTitle": "AAI - EfficientTech",
    "ph_navBrand": "Automation & AI IT Solutions",
    "ph_navHome": "Home",
    "ph_navServices": "Services",
    "ph_navAbout": "About",
    "ph_navContact": "Contact",
    "ph_mainHeading": "Welcome to AAI Solutions",
    "ph_subHeading": "Pioneering Advanced AI to Drive Business Forward",
    "ph_servicesHeading": "Our Services",
    "ph_service1_title": "Consultation",
    "ph_service1_description": "Expert advice to guide your AI integration journey.",
    "ph_service1_image": "images/c1.jpeg",
    "ph_service2_title": "Coaching",
    "ph_service2_description": "Personalized coaching to empower your team with AI skills.",
    "ph_service2_image": "images/c2.jpeg",
    "ph_service3_title": "Development",
    "ph_service3_description": "Custom AI solution development tailored to your business needs.",
    "ph_service3_image": "images/c3.jpeg",
    "ph_aboutHeading": "About Us",
    "ph_aboutContent": "AAI IT Solutions is dedicated to integrating AI technologies to enhance business processes.",
    "ph_contactHeading": "Contact Me",
    "ph_labelName": "Name:",
    "ph_labelEmail": "Email:",
    "ph_labelMessage": "Message:",
    "ph_contactContent": "Get in touch with us to see how we can help you!",
    "ph_formActionURL": "https://script.google.com/macros/s/ph_dyn_deployment_id/exec"
}
